EventID,Date,Time,Account,SourceIP,LogonType,Status,Message
4625,14/01/2026,02:14:10,admin,185.22.44.10,3,Failed,Failed password for admin
4625,14/01/2026,02:14:15,admin,185.22.44.10,3,Failed,Failed password for admin
4625,14/01/2026,02:14:20,admin,185.22.44.10,3,Failed,Failed password for admin
4625,14/01/2026,02:14:25,admin,185.22.44.10,3,Failed,Failed password for admin
4625,14/01/2026,02:14:30,admin,185.22.44.10,3,Failed,Failed password for admin
4625,14/01/2026,02:14:35,admin,185.22.44.10,3,Failed,Failed password for admin
4625,14/01/2026,02:14:40,admin,185.22.44.10,3,Failed,Failed password for admin
4625,14/01/2026,02:14:45,admin,185.22.44.10,3,Failed,Failed password for admin
4625,14/01/2026,02:14:50,admin,185.22.44.10,3,Failed,Failed password for admin
4625,14/01/2026,02:14:55,admin,185.22.44.10,3,Failed,Failed password for admin
4625,14/01/2026,02:15:00,admin,185.22.44.10,3,Failed,Failed password for admin
4625,14/01/2026,02:15:05,admin,185.22.44.10,3,Failed,Failed password for admin
4625,14/01/2026,02:15:10,admin,185.22.44.10,3,Failed,Failed password for admin
4625,14/01/2026,02:15:15,admin,185.22.44.10,3,Failed,Failed password for admin
4625,14/01/2026,02:15:20,admin,185.22.44.10,3,Failed,Failed password for admin
4625,14/01/2026,02:15:25,admin,185.22.44.10,3,Failed,Failed password for admin
4624,14/01/2026,02:15:30,admin,185.22.44.10,3,Success,Successful logon
4720,14/01/2026,02:18:00,test,,,Created,New user account created
4724,14/01/2026,02:19:00,admin,,,Changed,Password changed
4728,14/01/2026,02:20:00,admin,,,Modified,User added to group Backup Operators
5379,14/01/2026,02:19:30,admin,,,Success,Credential Manager accessed
4625,14/01/2026,03:45:30,fnuno,192.168.1.50,1,Failed,Failed password for fnuno
4625,14/01/2026,08:30:00,fnuno,192.168.1.50,1,Success,Successful logon for fnuno
4720,14/01/2026,10:15:00,support,,,Created,New user account created
4624,14/01/2026,12:00:00,admin,10.0.0.100,1,Success,Successful logon
4625,14/01/2026,14:30:00,guest,192.168.1.100,3,Failed,Failed password for guest
4625,14/01/2026,14:30:05,guest,192.168.1.100,3,Failed,Failed password for guest
4625,14/01/2026,14:30:10,guest,192.168.1.100,3,Failed,Failed password for guest
4624,14/01/2026,16:45:00,fnuno,192.168.1.50,1,Success,Successful logon
4720,14/01/2026,18:20:00,backup,,,Created,New user account created
4724,14/01/2026,19:00:00,fnuno,,,Changed,Password changed
